{"cameraMode":{"drawMode":0,"name":"Shaded","section":"Shading Mode"},"sceneLighting":false,"audioPlay":false,"sceneViewState":{"showFog":true,"showMaterialUpdate":false,"showSkybox":false,"showFlares":true,"showImageEffects":true,"showParticleSystems":true,"showVisualEffectGraphs":true,"m_FxEnabled":true},"in2DMode":false,"pivot":{"x":-2.0284926891326906,"y":1.4855599403381348,"z":2.9329464435577394},"rotation":{"x":0.36734604835510256,"y":-0.03904948756098747,"z":0.015433776192367077,"w":0.9291441440582275},"size":4.12589693069458,"orthographic":false}