{"cameraMode":{"drawMode":0,"name":"Shaded","section":"Shading Mode"},"sceneLighting":false,"audioPlay":false,"sceneViewState":{"showFog":true,"showMaterialUpdate":false,"showSkybox":false,"showFlares":true,"showImageEffects":true,"showParticleSystems":true,"showVisualEffectGraphs":true,"m_FxEnabled":true},"in2DMode":false,"pivot":{"x":6.8991193771362309,"y":2.7100000381469728,"z":2.1848764419555666},"rotation":{"x":0.07773419469594956,"y":-0.0693340077996254,"z":0.005410558078438044,"w":0.9945715069770813},"size":1.5185027122497559,"orthographic":false}