{"cameraMode":{"drawMode":0,"name":"Shaded","section":"Shading Mode"},"sceneLighting":false,"audioPlay":false,"sceneViewState":{"showFog":true,"showMaterialUpdate":false,"showSkybox":false,"showFlares":true,"showImageEffects":true,"showParticleSystems":true,"showVisualEffectGraphs":true,"m_FxEnabled":true},"in2DMode":false,"pivot":{"x":4.739023208618164,"y":2.9464640617370607,"z":2.6155495643615724},"rotation":{"x":0.2681441307067871,"y":-0.016474435105919839,"z":0.004578426480293274,"w":0.9632543325424194},"size":2.3879594802856447,"orthographic":false}